ID,Route,Screen,Inventory type,Template,Component,Launch screen,Rollout,Was
S001,(any),Global not-found,empty/error,Empty/error,,L23 Not found,Launch,Launch: Shell
S002,(unrouted) HomeFeed,Home feed (orphaned),feed,Feed,,,After launch,After launch
S003,(unrouted) LocalityFeed,Locality feed (orphaned),feed,Feed,,,After launch,After launch
S004,(unrouted) LocalityFeed,Locality feed - no place,empty/error,Empty/error,,,After launch,After launch
S005,(unrouted) LocalityFeed,Feed empty state,empty/error,Empty/error,,,After launch,After launch
S006,(unrouted) RecruitmentGrid,Recruitment grid (orphaned),browse/list+map,Browse,Card grid,,After launch,After launch
S007,/,Root redirect,redirect/system,System (no screen),,,No UI,No UI
S008,/explore,Explore / Browse (signed out),browse/list+map,Browse,,L01 Explore,Launch,Launch: Explore
S009,/explore,Explore (signed in) - Following row,browse/list+map,Browse,,L01 Explore,Launch,Launch: Explore
S010,/explore,Explore search expanded,browse/list+map,Browse,,L01 Explore,Launch,Launch: Explore
S011,/explore,Explore loading fallback,empty/error,Empty/error,Skeleton,L01 Explore,Launch,Launch: Explore
S012,/explore,Explore map view,browse/list+map,Browse,,L01 Explore,Launch,Launch: Explore
S013,/explore,Map pin popup,browse/list+map,Browse,Map card,L01 Explore,Launch,Launch: Explore
S014,/explore,Metro not covered panel (signed out),form/wizard,Empty/error,Area picker,L04 Not-covered panel,Launch,Launch: Explore
S015,/explore,Metro not covered panel (signed in),form/wizard,Empty/error,Area picker,L04 Not-covered panel,Launch,Launch: Explore
S016,/explore,Filter sheet,browse/list+map,Browse,Sheet (filter),L02 Filter sheet,Launch,Launch: Explore
S017,/explore,Scope sheet - Choose your area,browse/list+map,Browse,Area picker,L03 Area picker,Launch,Launch: Explore
S018,/explore,Metro standing dialog,dashboard/manage,Browse,Sheet,L05 Waitlist count popup,Launch,Launch: Explore
S019,/explore,Explore - no area resolvable,empty/error,Empty/error,,L26 Empty / error state,Launch,Launch: Explore
S020,/explore,Explore - no results,empty/error,Empty/error,,L26 Empty / error state,Launch,Launch: Explore
S021,/explore,Explore - load error,empty/error,Empty/error,,L26 Empty / error state,Launch,Launch: Explore
S022,/following,Following (legacy vendors list),feed,Feed,"Retired: legacy /following, shadowed by the redirect",,Retired,After launch
S023,/following,Following - signed out,auth,Auth,Retired: legacy /following,,Retired,After launch
S024,/following,Following - loading,empty/error,Empty/error,Retired: legacy /following,,Retired,After launch
S025,/following,Follow toast,redirect/system,Feed,Retired: legacy /following,,Retired,After launch
S026,/following,Auth gate modal (Follow),auth,Auth,Retired: legacy /following,,Retired,After launch
S027,/following,Following - empty,empty/error,Empty/error,Retired: legacy /following,,Retired,After launch
S028,/g/[handle],Page (signed out),detail,Detail,"Contact block for signed-in viewers: address or area, public phone (ruled in), website and links, weekly hours (ruled in); front door hides it",L06 Page,Launch,Launch: Page detail
S029,/g/[handle],"Page (signed in, not following)",detail,Detail,"Contact block for signed-in viewers: address or area, public phone (ruled in), website and links, weekly hours (ruled in); front door hides it",L06 Page,Launch,Launch: Page detail
S030,/g/[handle],Page (follower),detail,Detail,"Contact block for signed-in viewers: address or area, public phone (ruled in), website and links, weekly hours (ruled in); front door hides it",L06 Page,Launch,Launch: Page detail
S031,/g/[handle],"Page (member, private Page)",detail,Detail,"Contact block for signed-in viewers: address or area, public phone (ruled in), website and links, weekly hours (ruled in); front door hides it",L06 Page,Launch,Launch: Page detail
S032,/g/[handle],Report sent confirmation,redirect/system,Detail,Toast,L07 Report sheet,Launch,Launch: Page detail
S033,/g/[handle],g/[handle] owner view — see owner-page-spec.md,dashboard/manage,Manage,"Owner bar + sheets below 1280; owner panel from 1280 (ruling 6 = C, 2026-10-01)",L08 Owner Page,Launch,Launch: Owner Page
S034,/g/[handle],Page overflow menu,detail,Detail,Menu,L07 Report sheet,Launch,Launch: Page detail
S035,/g/[handle],Report sheet,form/wizard,Form,Sheet,L07 Report sheet,Launch,Launch: Page detail
S036,/g/[handle],Page - nothing listed,empty/error,Empty/error,,L26 Empty / error state,Launch,Launch: Page detail
S037,/g/[handle],Page not found,empty/error,Empty/error,,L23 Not found,Launch,Launch: Page detail
S038,/g/[handle],Page stale-handle redirect,redirect/system,System (no screen),,,No UI,No UI
S039,/join,Join - vendor pitch (signed out),form/wizard,Detail,Landing variant,,After launch,After launch
S040,/join,Join - signed in,form/wizard,Detail,Landing variant,,After launch,After launch
S041,/m/[handle],Member profile (visitor),detail,Detail,"Retired: no public member profile currently; a visible one may come later (R4, 2026-10-01); /m/* shows Not found",,Retired,After launch
S042,/m/[handle],Member profile - self view,detail,Detail,"Self view folds into You (R4, 2026-10-01)",L21 You,Moved into launch,After launch
S043,/m/[handle],Member profile - nothing posted,empty/error,Empty/error,"Retired: no public member profile currently; a visible one may come later (R4, 2026-10-01)",,Retired,After launch
S044,/m/[handle],Private profile tombstone,empty/error,Empty/error,"Retired: no public member profile currently; a visible one may come later (R4, 2026-10-01)",,Retired,After launch
S045,/m/[handle],Member not found,empty/error,Empty/error,"Retired: /m/* shows Not found (R4, 2026-10-01)",,Retired,After launch
S046,/m/[handle]/e/[slug],Member-hosted gathering,detail,Detail,"Retired: events are posts a Page makes; someone who wants to host creates a Page (R4, 2026-10-01)",,Retired,After launch
S047,/m/[handle]/p/[slug],Member product,detail,Detail,"Retired: listings belong to Pages and wait (R2, R4, 2026-10-01)",,Retired,After launch
S048,/m/[handle]/s/[slug],Member service,detail,Detail,"Retired: listings belong to Pages and wait (R2, R4, 2026-10-01)",,Retired,After launch
S049,"/m/[handle]/{e,p,s}/[slug]",Member item not found,empty/error,Empty/error,"Retired: /m/* shows Not found (R4, 2026-10-01)",,Retired,After launch
S050,/p/[...place],Place landing (placeholder),dev,Browse,Place-scoped browse,,After launch,After launch
S051,/p/[...place],Place not found,empty/error,Empty/error,,,After launch,After launch
S052,/p/[...place]/g/[group],Legacy Page path redirect,redirect/system,System (no screen),,,No UI,No UI
S053,/p/[...place]/g/[group]/e/[item],Page-filed gathering,detail,Detail,No separate event page: an event is a post on its Page,,"Deferred (R3 = A, ruled 2026-10-01)",Launch: Page detail
S054,/p/[...place]/g/[group]/p/[item],Page-filed product,detail,Detail,,,After launch,After launch
S055,/p/[...place]/g/[group]/s/[item],Page-filed service,detail,Detail,,,After launch,After launch
S056,/p/[...place]/l/[slug],Venue (signed out),detail,Detail,,,After launch,After launch
S057,/p/[...place]/l/[slug],Venue (signed in),detail,Detail,Follow button,,After launch,After launch
S058,/p/[...place]/l/[slug],Venue - nothing scheduled,empty/error,Empty/error,,,After launch,After launch
S059,/p/[...place]/l/[slug],Venue not found,empty/error,Empty/error,,,After launch,After launch
S060,/p/[...place]/{g/../p|s|e},Page item not found,empty/error,Empty/error,,,After launch,After launch
S061,(all),BottomNav / TopNavDesktop,redirect/system,Shell,Nav,L24 Nav,Launch,Launch: Shell
S062,(all),proxy (session refresh),redirect/system,System (no screen),,,No UI,No UI
S063,(component),LocationPlaceFields (address / neighbourhood),form/wizard,Form,Area/address field,L15 Edit Page (Page settings),Launch,Launch: Create / edit
S064,(component),PagePhotoPicker,form/wizard,Form,Photo optional; default art (neutral tone + kind icon) when none,L15 Edit Page (Page settings),Launch,Launch: Create / edit
S065,(component),Toast (shared),empty/error,Shell,Toast,L25 Toast,Launch,Launch: Shell
S066,(component),MultiStepComposer shell,form/wizard,Form,Wizard shell,L10 What are you starting?,Launch,Launch: Create / edit
S067,(dev),Dev route gate,dev,Dev (404 in prod),,,No UI,No UI
S068,(none),MarketForm (admin),form/wizard,Form,,,After launch,After launch
S069,(none),ReportForm confirmation,empty/error,Form,Success state,,After launch,After launch
S070,(none),SignInPrompt,auth,Auth,Sheet (sign-in),L19 Sign-in sheet,Launch,Launch: Sign-in / onboarding
S071,(none),ReportForm sheet (legacy),form/wizard,Form,Sheet,,After launch,After launch
S072,/add-entity-demo,AddEntityDrawer demo,dev,Dev (404 in prod),,,No UI,No UI
S073,/admin/reports,Reports review queue,dashboard/manage,Manage,,L22 Review queue,Moved into launch,After launch
S074,/admin/reports,Report entry card,detail,Manage,,L22 Review queue,Moved into launch,After launch
S075,/admin/reports,Reason picker,form/wizard,Manage,Sheet,L22 Review queue,Moved into launch,After launch
S076,/admin/reports,Reports empty,empty/error,Empty/error,,L22 Review queue,Moved into launch,After launch
S077,/api/health/db,db,redirect/system,System (no screen),,,No UI,No UI
S078,/api/health/schema,schema,redirect/system,System (no screen),,,No UI,No UI
S079,/api/internal/auth-before-user-created,auth-before-user-created,redirect/system,System (no screen),,,No UI,No UI
S080,/api/internal/auth-signup,auth-signup,redirect/system,System (no screen),,,No UI,No UI
S081,/auth/callback,Auth callback,redirect/system,System (no screen),,,No UI,No UI
S082,/auth/login,Sign in (magic link),auth,Auth,,L17 Sign in,Launch,Launch: Sign-in / onboarding
S083,/auth/login,Check your email (link sent),auth,Auth,,L18 Check your email,Launch,Launch: Sign-in / onboarding
S084,/auth/login,Sign-in link error (from callback),empty/error,Empty/error,,L17 Sign in,Launch,Launch: Sign-in / onboarding
S085,/auth/login,Magic link validation/send error,auth,Auth,,L17 Sign in,Launch,Launch: Sign-in / onboarding
S086,/auth/password,Password sign-in (email step),auth,Auth,,,Deferred (was launch),Launch: Sign-in / onboarding
S087,/auth/password,Magic link sent (password flow),auth,Auth,,,Deferred (was launch),Launch: Sign-in / onboarding
S088,/auth/password,Confirm your email,auth,Auth,,,Deferred (was launch),Launch: Sign-in / onboarding
S089,/auth/password,Set a password (new account),auth,Auth,,,Deferred (was launch),Launch: Sign-in / onboarding
S090,/auth/password,Welcome back (enter password),auth,Auth,,,Deferred (was launch),Launch: Sign-in / onboarding
S091,/auth/signup,Legacy sign-up redirect,redirect/system,System (no screen),,,No UI,No UI
S092,/business/:slug,Legacy business redirect,redirect/system,System (no screen),,,No UI,No UI
S093,/card-gallery,Card gallery,dev,Dev (404 in prod),"Grows into /(dev)/playground: every token and shared component, each state, each breakpoint (built to change; small new launch scope)",,"No UI (dev only, launch)",No UI
S094,/composer-demo,MultiStepComposer demo,dev,Dev (404 in prod),,,No UI,No UI
S095,/following,AuthGateModal,auth,Auth,Retired: legacy /following,,Retired,After launch
S096,/following,Config redirect,redirect/system,System (no screen),,,No UI,No UI
S097,/g/[handle]/edit,Edit Page,settings,Settings,"Save bar; Contact section: public business phone and weekly hours (ruled in A, 2026-10-01; new fields and migrations, queued in the build)",L15 Edit Page (Page settings),Launch,Launch: Create / edit
S098,/g/[handle]/edit,Change address,settings,Settings,Address field,L15 Edit Page (Page settings),Launch,Launch: Create / edit
S099,/g/[handle]/edit,Edit saved / error,empty/error,Settings,Save bar + Toast,L15 Edit Page (Page settings),Launch,Launch: Create / edit
S100,/g/[handle]/edit,Edit 404 (not owner / signed out),empty/error,Empty/error,,L23 Not found,Launch,Launch: Create / edit
S101,/manage/[...slug],Legacy manage redirect,redirect/system,System (no screen),,,No UI,No UI
S102,/map,Legacy map redirect,redirect/system,System (no screen),,,No UI,No UI
S103,/onboarding,Onboarding: What should we call you?,form/wizard,Form,,L20 Signup details,Launch,Launch: Sign-in / onboarding
S104,/onboarding,"Onboarding: Where are you, and why? (metro waitlist)",form/wizard,Form,,L20 Signup details,Launch,Launch: Sign-in / onboarding
S105,/onboarding,MetroStandingDialog (waitlist count),form/wizard,Form,Sheet,L05 Waitlist count popup,Launch,Launch: Sign-in / onboarding
S106,/onboarding,Onboarding name error,form/wizard,Form,,L20 Signup details,Launch,Launch: Sign-in / onboarding
S107,/onboarding,Metro list failed to load,empty/error,Empty/error,,L20 Signup details,Launch,Launch: Sign-in / onboarding
S108,/onboarding,Onboarding gate redirects,redirect/system,System (no screen),,,No UI,No UI
S109,/qr,QR redirect,redirect/system,System (no screen),,,No UI,No UI
S110,/register-business,Legacy register redirect,redirect/system,System (no screen),,,No UI,No UI
S111,/you,You (signed in),dashboard/manage,Manage,"Currently not visible to others: Pages you manage, Pages you follow, zip and metro, sign out (R4, 2026-10-01)",L21 You,Moved into launch,After launch
S112,/you,You (loading),empty/error,Empty/error,Loading skeleton,L21 You,Moved into launch,After launch
S113,/you,You (signed out),auth,Auth,Signed out: sign-in prompt,L21 You,Moved into launch,After launch
S114,/you,Sell CTA row,dashboard/manage,Manage,"""Start something"" link in Pages you manage",L21 You,Moved into launch,After launch
S115,/you,Your Pages grid,browse/list+map,Manage,Pages you manage (drafts included),L21 You,Moved into launch,After launch
S116,/you,Following summary strip,feed,Manage,Pages you follow,L21 You,Moved into launch,After launch
S117,/you,Sell success toast,empty/error,Manage,"Retired: create lands on the draft, no success toast (R1)",,Retired,After launch
S118,/you,Sell walkthrough: What are we creating?,form/wizard,Form,"One question: the kind (R1, 2026-10-01)",L10 What are you starting?,Launch,Launch: Create / edit
S119,/you,Sell walkthrough: Name your <noun>,form/wizard,Form,Name: required to publish,L15 Edit Page (Page settings),Launch,Launch: Create / edit
S120,/you,Sell walkthrough: Anchor Location,form/wizard,Form,Location: required to publish (address or area),L15 Edit Page (Page settings),Launch,Launch: Create / edit
S121,/you,Sell walkthrough: What you do (tags),form/wizard,Form,,L15 Edit Page (Page settings),Launch,Launch: Create / edit
S122,/you,"Sell walkthrough: About (+photo, links)",form/wizard,Form,Description required to publish; photo optional,L15 Edit Page (Page settings),Launch,Launch: Create / edit
S123,/you,Sell walkthrough: Review,form/wizard,Form,Retired: the draft Page replaces review,,Retired (R1: no review step),Launch: Create / edit
S124,/you,MarketSelector sheet,form/wizard,Form,Area picker,,Deferred (was launch),Launch: Create / edit
S125,/you,Add a Location drawer,form/wizard,Form,Sheet,L15 Edit Page (Page settings),Launch,Launch: Create / edit
S126,/you,Your Pages (loading/empty),empty/error,Empty/error,"Pages you manage, loading/empty",L21 You,Launch,Launch: Create / edit
S127,/you,Composer field/submit errors,empty/error,Empty/error,,L15 Edit Page (Page settings),Launch,Launch: Create / edit
S128,/you/following,Following (manage),dashboard/manage,Manage,"Pages you follow, with Unfollow",L21 You,Moved into launch,After launch
S129,/you/following,Follow row removed (Undo),dashboard/manage,Manage,Unfollow with Undo toast,L21 You,Moved into launch,After launch
S130,/you/following,Following empty,empty/error,Empty/error,"Pages you follow, empty state",L21 You,Moved into launch,After launch
S131,/you/following,Follow row error,empty/error,Empty/error,Unfollow error,L21 You,Moved into launch,After launch
S132,/you/sell,Your shops (sell index),dashboard/manage,Manage,"Retired: Pages you manage live in You (R4, 2026-10-01); listings wait (R2)",,Retired,After launch
S133,/you/sell,Add product / Add service / Host a gathering buttons,dashboard/manage,Manage,Retired: replaced by the owner bar on each Page,,Retired,After launch
S134,/you/sell,Add-item success toast,empty/error,Manage,Retired: listings wait (R2),,Retired,After launch
S135,/you/sell,Product composer: Add a product (details),form/wizard,Form,,,"Deferred (R2 = A, ruled 2026-10-01)",Launch: Create / edit
S136,/you/sell,Product composer: Pickup point,form/wizard,Form,,,"Deferred (R2 = A, ruled 2026-10-01)",Launch: Create / edit
S137,/you/sell,Product composer: Where is this made? (placeholder),form/wizard,Form,,,"Deferred (R2 = A, ruled 2026-10-01)",Launch: Create / edit
S138,/you/sell,Product composer: Review,form/wizard,Form,,,"Deferred (R2 = A, ruled 2026-10-01)",Launch: Create / edit
S139,/you/sell,Service composer: Add a service (details),form/wizard,Form,,,"Deferred (R2 = A, ruled 2026-10-01)",Launch: Create / edit
S140,/you/sell,Service composer: Pricing,form/wizard,Form,,,"Deferred (R2 = A, ruled 2026-10-01)",Launch: Create / edit
S141,/you/sell,Service composer: Service area,form/wizard,Form,,,"Deferred (R2 = A, ruled 2026-10-01)",Launch: Create / edit
S142,/you/sell,Service composer: Review,form/wizard,Form,,,"Deferred (R2 = A, ruled 2026-10-01)",Launch: Create / edit
S143,/you/sell,Gathering composer: Host a gathering (kind),form/wizard,Form,"Event post form; kinds of event (one-time / recurring / open) stay, the one-time Page kind is dropped",L16 Event form,Launch,Launch: Create / edit
S144,/you/sell,Gathering composer: Details,form/wizard,Form,,L16 Event form,Launch,Launch: Create / edit
S145,/you/sell,Gathering composer: When,form/wizard,Form,,L16 Event form,Launch,Launch: Create / edit
S146,/you/sell,Gathering composer: Review,form/wizard,Form,,L16 Event form,Launch,Launch: Create / edit
S147,/you/sell,Product composer: Add a Location drawer,form/wizard,Form,Sheet,,"Deferred (R2 = A, ruled 2026-10-01)",Launch: Create / edit
S148,/you/sell,Service composer: Add a Location drawer,form/wizard,Form,Sheet,,"Deferred (R2 = A, ruled 2026-10-01)",Launch: Create / edit
S149,/you/sell,Sell index redirects,redirect/system,System (no screen),,,No UI,No UI
S150,/you?tab=following,Following tab (empty),empty/error,Empty/error,"Pages you follow, empty state",L21 You,Moved into launch,After launch
S151,/you?tab=saved,Saved tab (empty),empty/error,Empty/error,"Retired: no Saved list at launch (R4, 2026-10-01)",,Retired,After launch
S152,/you?tab=settings,Settings tab,settings,Settings,"Zip and metro, sign out; email toggle not in the ruled list",L21 You,Moved into launch,After launch
N001,"Publish, from the draft Page",Before you publish: agree to the rules (F082),"(new, not in inventory)",Form,"Opened by Publish once name, location and description are in (ruled 2026-10-01)",L14 Before you publish,Launch (new),
N002,/g/[handle] (owner),Hidden-content notice + one explanation (F078),"(new, not in inventory)",Manage,Notice + Sheet,L09 Hidden-content notice,Launch (new),
N003,/about,About (decision 8 = B),"(new, not in inventory)",Text page,"Footer link; Markdown content beside the copy module; placeholder copy, legal review likely",L27 Text page,Launch (new),
N004,/terms,Terms (decision 8 = B),"(new, not in inventory)",Text page,"Footer link; Markdown content beside the copy module; placeholder copy, legal review likely",L27 Text page,Launch (new),
N005,/privacy,Privacy (decision 8 = B),"(new, not in inventory)",Text page,"Footer link; Markdown content beside the copy module; placeholder copy, legal review likely",L27 Text page,Launch (new),
